{"AD":446202.5531914894,"AE":216550.6117074753,"AF":470648.8184818482,"AG":null,"AI":508400.4848484849,"AL":1960510.9121813031,"AM":678892.723575116,"AO":53343.0981140072,"AR":1099758.116592885,"AS":932067.5555555555,"AT":471797.0736914658,"AU":790919.5355268779,"AW":98689.5058823529,"AX":33554432.0,"AZ":879427.9607710517,"BA":697485.7946913975,"BB":422634.3822222222,"BD":779717.2362608234,"BE":163009.4038657721,"BF":43844.0139372822,"BG":586758.4162249366,"BH":458752.1428571428,"BI":616813.1764705882,"BJ":233739.4922600619,"BL":23210.6666666667,"BM":280958.1626794258,"BN":105121.6842105263,"BO":71232.3431635389,"BQ":873813.3333333334,"BR":228110.4167136316,"BS":95687.5437262357,"BT":970584.8595041322,"BW":303936.0,"BY":266788.1378155949,"BZ":648269.5517774343,"CA":40583.0197849538,"CD":116915.2891986063,"CF":null,"CG":181572.70995671,"CH":517900.5092520776,"CI":184938.5098925947,"CK":524288.0,"CL":60866.3058446757,"CM":66360.8888888889,"CN":270196.5244483822,"CO":33597.2311191858,"CR":132969.3774519516,"CU":100262.2470119522,"CV":449389.7142857143,"CW":272432.8443843031,"CY":583141.7598865047,"CZ":752959.1273887979,"DE":617308.5933426574,"DJ":86483.1340206186,"DK":374837.7904624027,"DM":745659.7333333333,"DO":81602.1582360571,"DZ":4483.2631072631,"EC":150886.9505376344,"EE":801500.5748921965,"EG":772711.7151766685,"ER":null,"ES":535418.0392544876,"ET":11881.88101983,"EU":3372718.3136026543,"FI":266155.6042096516,"FJ":239249.1122994653,"FM":524288.0,"FO":998643.8095238095,"FR":638420.8770704593,"GA":60262.9885057471,"GB":626774.0207000383,"GD":7947109.0526315793,"GE":639809.0847457628,"GF":998643.8095238095,"GG":2322999.1384615386,"GH":30715.723569794,"GI":1893353.5297805644,"GL":1677721.6000000001,"GM":49833.5683168317,"GN":677872.4848484849,"GP":762600.7272727273,"GQ":524288.0,"GR":201610.7613455323,"GT":168827.7601677149,"GU":157163.6159250585,"GW":699050.6666666666,"GY":284360.6779661017,"HK":129572.7897891597,"HN":545138.7158098933,"HR":347869.0274881517,"HT":158277.2327044025,"HU":251698.3275376144,"ID":72206.7311621606,"IE":540980.5928557527,"IL":221675.9447399231,"IM":8015780.9777777782,"IN":150873.5190396282,"IO":1398101.3333333333,"IQ":2111681.9214780601,"IR":570488.6876229475,"IS":1289064.3373772386,"IT":598740.0466379097,"JE":674084.5714285715,"JM":5199137.5637663882,"JO":718427.9074746702,"JP":204699.0745652567,"KE":24476.3540872512,"KG":742218.3225806452,"KH":486498.8367854184,"KI":1864135.111111111,"KM":1677721.6000000001,"KN":299597.7142857143,"KP":null,"KR":200745.1788198684,"KW":290210.0338094614,"KY":123822.4424778761,"KZ":208276.9684868478,"LA":469294.5454545455,"LB":2810958.5787159191,"LC":4074466.7428571428,"LI":2005292.4196943974,"LK":126085.7116016909,"LR":88769.6931216931,"LS":179244.3076923077,"LT":375845.6746146168,"LU":887779.7091432685,"LV":425394.1081635644,"LY":114598.4699453552,"MA":5626.5788956761,"MC":1193046.4711111111,"MD":739070.4102464584,"ME":1162966.6909090909,"MF":509308.3428571429,"MG":102457.4534351145,"MH":1048576.0,"MK":639309.3777284499,"ML":107546.2564102564,"MM":1005379.1161048689,"MN":281497.7718120805,"MO":77136.8214559387,"MP":89240.5106382979,"MQ":322638.7692307692,"MR":101067.5662650602,"MS":null,"MT":380357.328936521,"MU":36701.9292422488,"MV":261130.9571984436,"MW":71873.3317013464,"MX":57583.6778828246,"MY":82459.7497984103,"MZ":86135.7490017113,"NC":426765.8378378378,"NE":107546.2564102564,"NF":32.0,"NG":56518.6639444671,"NI":158775.3993690852,"NL":549626.5796066078,"NO":474534.1463948386,"NP":270338.75,"NR":883011.3684210526,"NU":32.0,"NZ":140906.945821304,"OM":102186.8084163898,"PA":136856.9424112691,"PE":71645.553138345,"PF":277310.4132231405,"PG":576048.3433476394,"PH":66660.7222923386,"PK":80548.695726577,"PL":827745.0288114653,"PM":null,"PR":62164.6016658501,"PS":534552.469865643,"PT":211359.3932865417,"PW":762600.7272727273,"PY":118455.881383855,"QA":200893.8974516426,"RE":42799.0204081633,"RO":487794.8417141442,"RS":493004.978017048,"RU":452609.7149410148,"RW":61590.7430249633,"SA":145060.50359548,"SB":745654.0444444445,"SC":5388.0362258334,"SD":42032.0030834458,"SE":265074.4443097912,"SG":135910.9300829011,"SI":476420.265825281,"SK":655550.1043897733,"SL":2.4150943396,"SM":2485521.0666666669,"SN":22489.908847185,"SO":694229.6275862069,"SR":161319.3846153846,"SS":898779.4285714285,"ST":466033.7777777778,"SV":156675.1875486381,"SX":751220.5373134328,"SY":236140.4396782842,"SZ":90690.4216216216,"TC":25575.0243902439,"TD":430188.3076923077,"TG":27459.0376432079,"TH":46441.7682117335,"TJ":1991540.0287769784,"TK":2097152.0,"TL":867791.448275862,"TM":1917396.1142857142,"TN":16427.2551724138,"TO":883011.3684210526,"TR":406848.0912358994,"TT":2109045.4744801512,"TV":524288.0,"TW":285839.2580826498,"TZ":123211.5779681763,"UA":543120.4369835259,"UG":67689.3510086455,"US":118605.3296509036,"UY":49482.7382550336,"UZ":1041601.2771618626,"VA":10252743.1111111119,"VC":7895160.4705882352,"VE":218649.1959772496,"VG":44678.0952380952,"VI":224895.6568364611,"VN":11343.3208093881,"VU":1001636.2985074627,"WF":null,"WS":958701.7142857143,"YE":1280703.5114503817,"YT":null,"ZA":696365.7191634657,"ZM":33711.9249832552,"ZW":343796.9836065574}