{
  "AW": 8.408362638,
  "AF": 0.299444991,
  "AO": 1.291328315,
  "AL": 1.978763312,
  "AD": 5.832169951,
  "AE": 23.30202251,
  "AR": 4.746797455,
  "AM": 1.90275891,
  "AG": 5.377648546,
  "AU": 15.39859985,
  "AT": 6.87371322,
  "AZ": 3.931560609,
  "BI": 0.044485376,
  "BE": 8.328159898,
  "BJ": 0.614213852,
  "BF": 0.162018806,
  "BD": 0.459141965,
  "BG": 5.871615869,
  "BH": 23.44975483,
  "BS": 6.323257512,
  "BA": 6.234719162,
  "BY": 6.701957705,
  "BZ": 1.407601494,
  "BM": 8.838314988,
  "BO": 1.932419499,
  "BR": 2.594388285,
  "BB": 4.490177673,
  "BN": 22.12470124,
  "BT": 1.289321371,
  "BW": 3.243287637,
  "CF": 0.066593111,
  "CA": 15.1132392,
  "CH": 4.311562994,
  "CL": 4.687376624,
  "CN": 7.543907641,
  "CI": 0.490206046,
  "CM": 0.314928068,
  "CD": 0.063369191,
  "CG": 0.635369293,
  "CO": 1.759537174,
  "KM": 0.202814119,
  "CV": 0.933403237,
  "CR": 1.630951062,
  "CU": 3.045210624,
  "KY": 9.171838032,
  "CY": 5.260352041,
  "CZ": 9.165978376,
  "DE": 8.889370395,
  "DJ": 0.791961752,
  "DM": 1.864285911,
  "DK": 5.935712482,
  "DO": 2.069986634,
  "DZ": 3.717409901,
  "EC": 2.761702175,
  "EG": 2.198980246,
  "ES": 5.033824487,
  "EE": 14.84881917,
  "ET": 0.119124015,
  "FI": 8.660721243,
  "FJ": 1.320574708,
  "FR": 4.572088353,
  "FO": 12.23784857,
  "FM": 1.445435754,
  "GA": 2.768265721,
  "GB": 6.49744049,
  "GE": 2.411541991,
  "GH": 0.536533378,
  "GI": 15.51348493,
  "GN": 0.207492621,
  "GM": 0.267684889,
  "GW": 0.157241167,
  "GQ": 4.733816529,
  "GR": 6.180337268,
  "GD": 2.275498308,
  "GL": 8.989181988,
  "GT": 1.150977994,
  "GY": 2.632347952,
  "HK": 6.382829308,
  "HN": 1.07522179,
  "HR": 3.973804906,
  "HT": 0.270538586,
  "HU": 4.265574976,
  "ID": 1.819363319,
  "IN": 1.730000432,
  "IE": 7.378117809,
  "IR": 8.283020787,
  "IQ": 4.811839686,
  "IS": 6.059657407,
  "IL": 7.863181348,
  "IT": 5.270866786,
  "JM": 2.59321537,
  "JO": 3.002514727,
  "JP": 9.538706103,
  "KZ": 14.36238966,
  "KE": 0.310415314,
  "KG": 1.646395339,
  "KH": 0.437759998,
  "KI": 0.564368357,
  "KN": 4.2989449,
  "KR": 11.57034541,
  "KW": 25.22386443,
  "LA": 0.297200884,
  "LB": 4.295732552,
  "LR": 0.212967664,
  "LY": 9.186845393,
  "LC": 2.307191321,
  "LI": 1.185229079,
  "LK": 0.885545809,
  "LS": 1.150111032,
  "LT": 4.378090123,
  "LU": 17.36212137,
  "LV": 3.498192882,
  "MO": 2.17984276,
  "MA": 1.744379974,
  "MD": 1.386829142,
  "MG": 0.130421321,
  "MV": 3.328648379,
  "MX": 3.866241113,
  "MH": 1.941018564,
  "MK": 3.614938183,
  "ML": 0.083228663,
  "MT": 5.491524789,
  "MM": 0.416600362,
  "ME": 3.55607179,
  "MN": 7.127326348,
  "MZ": 0.309666607,
  "MR": 0.666822428,
  "MU": 3.353110472,
  "MW": 0.07476291,
  "MY": 8.032991579,
  "NA": 1.583728667,
  "NC": 16.00891791,
  "NE": 0.111073516,
  "NG": 0.545622113,
  "NI": 0.808520856,
  "NL": 9.920138075,
  "NO": 9.270945132,
  "NP": 0.283538526,
  "NR": 4.021851008,
  "NZ": 7.686575825,
  "OM": 15.44316719,
  "PK": 0.896264105,
  "PA": 2.254311363,
  "PE": 1.993485949,
  "PH": 1.055456846,
  "PW": 12.34270409,
  "PG": 0.814648807,
  "PL": 7.517151585,
  "KP": 1.613596841,
  "PT": 4.331554028,
  "PY": 0.870219291,
  "PF": 2.915134817,
  "QA": 45.42323996,
  "RO": 3.516153691,
  "RU": 11.85752777,
  "RW": 0.074016446,
  "SA": 19.5292718,
  "SN": 0.608809117,
  "SG": 10.30633191,
  "SB": 0.350449345,
  "SL": 0.184925702,
  "SV": 1.000644623,
  "SO": 0.045046723,
  "RS": 5.282521917,
  "SS": 0.129749351,
  "ST": 0.59433982,
  "SR": 3.634019433,
  "SK": 5.661581328,
  "SI": 6.213686845,
  "SE": 4.478182178,
  "SZ": 0.928714992,
  "SC": 5.418677963,
  "SY": 1.598898459,
  "TC": 6.086487448,
  "TD": 0.053777688,
  "TG": 0.362696892,
  "TH": 4.621860032,
  "TJ": 0.620466725,
  "TM": 12.51729534,
  "TL": 0.387014002,
  "TO": 1.143965892,
  "TT": 34.16324263,
  "TN": 2.587059584,
  "TR": 4.491479026,
  "TV": 1.008525853,
  "TZ": 0.221347372,
  "UA": 5.020747064,
  "UY": 1.973150822,
  "US": 16.49366613,
  "UZ": 3.420722746,
  "VC": 1.91134541,
  "VE": 6.025697582,
  "VG": 6.072833581,
  "VN": 1.83966563,
  "VU": 0.594993239,
  "WS": 1.029788341,
  "YE": 0.864834535,
  "ZA": 9.045270345,
  "ZM": 0.288271141,
  "ZW": 0.779955845
}
