{"AD":446202.5531914894,"AE":216663.0361789805,"AF":null,"AL":1960510.9121813031,"AM":678892.723575116,"AT":471817.8864127003,"AU":23767722.6666666679,"AX":33554432.0,"AZ":879427.9607710517,"BA":697485.7946913975,"BE":163210.3756698749,"BG":586758.4162249366,"BH":458752.1428571428,"BM":null,"BR":null,"BY":266788.1378155949,"BZ":null,"CA":16777216.0,"CH":521352.4849984188,"CN":null,"CR":null,"CY":583141.7598865047,"CZ":786210.522432444,"DE":617584.6749333108,"DK":374837.7904624027,"EE":801500.5748921965,"EG":null,"ES":535449.4654024104,"EU":3372718.3136026543,"FI":267448.6576491519,"FO":998643.8095238095,"FR":638451.1792088574,"GB":627055.1234595495,"GE":639809.0847457628,"GG":2322999.1384615386,"GI":1864135.111111111,"GL":1677721.6000000001,"GP":null,"GR":201610.7613455323,"HK":11184810.666666666,"HR":347869.0274881517,"HU":251698.3275376144,"IE":541023.2463232486,"IL":221683.3601391584,"IM":8015780.9777777782,"IN":33554432.0,"IQ":2111681.9214780601,"IR":570335.0914421107,"IS":1289064.3373772386,"IT":599483.9456598155,"JE":674084.5714285715,"JO":718427.9074746702,"KG":742218.3225806452,"KW":290210.0338094614,"KY":null,"KZ":208276.9684868478,"LB":2810958.5787159191,"LI":2005292.4196943974,"LT":375845.6746146168,"LU":888259.3308121735,"LV":425394.1081635644,"LY":11184810.666666666,"MA":null,"MC":1193046.4711111111,"MD":739070.4102464584,"ME":1162966.6909090909,"MK":639309.3777284499,"MO":null,"MP":null,"MQ":381300.3636363636,"MT":380357.328936521,"MY":33554432.0,"MZ":null,"NC":18874368.0,"NG":null,"NL":549950.7467380536,"NO":476374.7677475527,"NZ":null,"OM":102186.8084163898,"PA":19173961.1428571418,"PL":827745.0288114653,"PS":534552.469865643,"PT":211359.3932865417,"QA":200893.8974516426,"RE":null,"RO":487275.3589298984,"RS":493004.978017048,"RU":452609.7149410148,"SA":145060.50359548,"SC":null,"SE":265006.1045716208,"SG":null,"SI":476420.265825281,"SK":655550.1043897733,"SL":null,"SM":2485521.0666666669,"SY":236140.4396782842,"TH":null,"TJ":1991540.0287769784,"TM":1917396.1142857142,"TR":406873.309613835,"UA":543120.4369835259,"US":314374.8298068077,"UZ":1041601.2771618626,"VA":10252743.1111111119,"VG":null,"YE":1280703.5114503817}